{
	"partitions" : [
		{
			"name" : "Top",
			"pins" : [
				{
					"name" : "LED[0]",
					"strict" : false
				},
				{
					"name" : "LED[1]",
					"strict" : false
				},
				{
					"name" : "LED[2]",
					"strict" : false
				},
				{
					"name" : "LED[3]",
					"strict" : false
				},
				{
					"name" : "LED[4]",
					"strict" : false
				},
				{
					"name" : "LED[5]",
					"strict" : false
				},
				{
					"name" : "LED[6]",
					"strict" : false
				},
				{
					"name" : "LED[7]",
					"strict" : false
				},
				{
					"name" : "toggle[0]",
					"strict" : false
				},
				{
					"name" : "toggle[1]",
					"strict" : false
				},
				{
					"name" : "toggle[4]",
					"strict" : false
				},
				{
					"name" : "toggle[3]",
					"strict" : false
				},
				{
					"name" : "toggle[2]",
					"strict" : false
				},
				{
					"name" : "toggle[5]",
					"strict" : false
				},
				{
					"name" : "push[2]",
					"strict" : false
				},
				{
					"name" : "push[0]",
					"strict" : false
				},
				{
					"name" : "push[3]",
					"strict" : false
				},
				{
					"name" : "push[1]",
					"strict" : false
				},
				{
					"name" : "toggle[6]",
					"strict" : false
				},
				{
					"name" : "clock",
					"strict" : false
				},
				{
					"name" : "reset",
					"strict" : false
				}
			]
		}
	]
}